player_id,player_name,volforce,16_puc,17_puc,18_puc,19_puc,20_puc
SV-1001-0728,KARINN,19.83,1,1,0,0,0
SV-1005-4212,YURIAN.,20.08
SV-1006-1079,GRACE,21.21,72,330,196,26,0
SV-1050-4928,EL#RAPIS,19.63
SV-1059-1896,MMJ,19.87,40,6,0,0,0
SV-1071-3339,SKELETON,19.70,18,12,0,0,0
SV-1071-3479,JAD,20.13,0,2,1,0,0
SV-1107-7227,TTY*KK3,19.99,11,9,0,0,0
SV-1112-1712,H.NP.BOT,20.85,323,372,214,11,0
SV-1116-3775,GODU,19.83,1,9,1,0,0
SV-1121-9551,SHIREN!!,20.12,83,91,6,0,0
SV-1148-4459,ORUKAA,20.59,83,182,39,1,0
SV-1160-5041,IMPEMURI,19.73,56,10,0,0,0
SV-1173-7495,S.A.T.8,20.00
SV-1184-7206,X.  FKIP,20.13,25,55,3,0,0
SV-1185-8077,SLASH*S,20.62,389,402,135,2,0
SV-1190-4466,#N4ME?,20.00
SV-1194-2042,WF.YUKI,20.06,127,57,5,0,0
SV-1197-7518,IW-RIKO,19.69,37,30,0,0,0
SV-1202-3144,4NEZKEN4,20.00
SV-1204-4886,LUNASITA,20.55,24,115,18,0,0
SV-1215-4597,NIX,20.09,122,83,1,0,0
SV-1221-8822,STINGRAY,20.00,112,44,0,0,0
SV-1222-5689,F.L.,20.07,9,12,0,0,0
SV-1235-6862,SANDO,20.21,64,51,6,0,0
SV-1237-5881,DDX,21.39,383,421,274,34,0
SV-1238-0886,KIK,20.63,362,386,179,4,0
SV-1249-2599,FUYUKI. ,20.39,31,41,16,0,0
SV-1263-8927,PARU&NOA,19.96,12,7,0,0,0
SV-1296-9061,8SUDAIRA,20.03,12,5,4,0,0
SV-1316-2737,LEVI.S,20.01,10,14,0,0,0
SV-1323-7833,VX*SHION,20.04,94,52,3,0,0
SV-1348-1041,TWILIGHT,19.75,8,19,1,0,0
SV-1372-8169,RINZE-P,19.92,7,0,0,0,0
SV-1377-2654,NONO P,20.10,120,115,4,0,0
SV-1397-1496,FREAKY?,19.23,1,1,2,0,0
SV-1399-5940,RIIIIIIF,20.05,4,1,1,0,0
SV-1415-7143,#ARS.RV,20.59,226,294,48,0,0
SV-1417-7884,TET193*,20.00,4,0,0,0,0
SV-1419-0757,GRIZZLY,20.60
SV-1428-8596,2YOUDUCK,20.06,146,61,9,0,0
SV-1432-1209,TACA,19.64,10,1,0,0,0
SV-1432-3211,F.CHOUX,19.66,18,3,0,0,0
SV-1452-9480,GMM,19.71,6,2,0,0,0
SV-1455-3504,MK*INARI,20.31,345,166,24,0,0
SV-1465-2344,ARTXROOM,20.13,369,227,14,0,0
SV-1466-2375,JUNONBOY,20.07,2,1,3,0,0
SV-1467-4086,ECO*INY,20.05,12,15,1,0,0
SV-1479-5669,M6DY.ERS,20.20,119,76,1,0,0
SV-1489-8093,KOSA*XD,20.48,67,111,22,0,0
SV-1492-2117,WELLOW,20.00,1,0,0,0,0
SV-1496-0736,GOOSBUMS,19.84,20,31,2,0,0
SV-1501-1528,N!NA,20.38,5,21,13,0,0
SV-1501-6092,SHIZUNO*,20.44,111,98,35,2,0
SV-1514-7545,IW-?????,20.52,165,177,71,0,0
SV-1523-6515,SOYM,20.87,351,423,212,14,0
SV-1525-8257,LV.NAMU,20.32,39,26,11,0,0
SV-1542-2323,KRN,20.00,20,17,0,0,0
SV-1547-6678,PK*SZK,20.21,304,255,12,0,0
SV-1550-0422,ADE.BAD,20.06,43,43,3,0,0
SV-1550-3726,TRAIL-L,19.73,7,6,1,0,0
SV-1559-6259,E???,20.12,0,4,1,0,0
SV-1571-9844,CH.ERS,21.06,271,424,256,21,0
SV-1579-5941,GUMANHAE,19.63,9,1,0,0,0
SV-1581-8684,W4*3B0N,19.70,12,5,0,0,0
SV-1605-4843,TKMCHAN,20.07,8,14,0,0,0
SV-1621-8671,ROUTE492,19.12,8,5,0,0,0
SV-1627-0401,LOWE.COM,20.64
SV-1635-7131,MINE,19.37,2,6,0,0,0
SV-1653-7073,S.GUEST,20.27,3,13,5,0,0
SV-1673-0987,SUN,20.64,155,223,94,3,0
SV-1674-0857,YADIMOT.,20.43,59,128,34,1,0
SV-1707-4715,B.LI-NUS,20.15,8,4,6,0,0
SV-1711-4475,HO4NOGEN,20.08,18,21,1,0,0
SV-1718-8010,JAKADS,20.34,4,2,0,0,0
SV-1721-8040,HUREN*79,19.94,0,0,2,0,0
SV-1727-1534,F2.187,20.48
SV-1730-3286,AX.H4L,20.58
SV-1744-3468,MIREI,19.61
SV-1753-6743,082,19.89,17,20,1,0,0
SV-1764-4291,MAGICOWL,21.67
SV-1764-8876,D*SCHRIK,20.63,110,393,110,2,0
SV-1765-7885,MIN4RI,19.59,25,13,0,0,0
SV-1777-6745,MAYU8BIT,20.42,303,168,32,0,0
SV-1781-8668,TOA*HMP!,19.75,0,2,1,0,0
SV-1792-2793,KRK.MIL,20.36,94,167,12,0,0
SV-1795-9452,DN!,20.45,4,16,17,1,0
SV-1797-1422,MUNEYUKI,20.28,234,96,15,0,0
SV-1800-8039,SQUALL,20.22
SV-1809-6008,M.,20.27,353,245,21,0,0
SV-1822-4899,CODE.MCB,20.05,28,25,4,0,0
SV-1823-5630,NONKE,19.34,10,0,0,0,0
SV-1828-3818,TERESA,19.74,3,6,0,0,0
SV-1829-4689,FIZ-,20.14,25,15,2,0,0
SV-1832-0379,VOLTEX,18.08,2,0,0,0,0
SV-1842-5001,S.800080,20.05,4,9,0,0,0
SV-1849-2271,O2I3,19.35,0,0,0,0,0
SV-1850-9106,38TA38KA,20.14
SV-1851-4832,ABESINZO,20.80
SV-1870-0920,E-M-VVT,20.07,171,42,3,0,0
SV-1871-5515,AYASE,19.80,4,0,0,0,0
SV-1882-3084,CHIP,19.90,0,1,1,0,0
SV-1888-6728,9B.KOYAN,19.54
SV-1909-6280,RIKA.BOT,20.73,167,378,132,6,0
SV-1911-7021,RM -RF *,20.00,49,53,3,0,0
SV-1920-4752,NOCARD,19.40,0,0,0,0,0
SV-1923-9766,N4IZNE.,20.17
SV-1931-4701,XD2.BOT,21.33,282,326,203,27,3
SV-1955-7867,LIPO-D,20.22,279,138,11,0,0
SV-1961-6086,LUCID,19.69,6,0,1,0,0
SV-1966-7438,MISOLA,19.82,15,21,0,0,0
SV-1972-3515,SHUG,19.86,14,9,0,0,0
SV-1972-3935,MI38,19.71,64,13,1,0,0
SV-1974-2436,ESTO,20.49,6,34,15,0,0
SV-1976-7419,S.     S,20.00,38,28,1,0,0
SV-1977-5287,WAHHO-I!,20.02,60,48,2,0,0
SV-1978-6879,GGGGGGGG,20.24,3,53,12,0,0
SV-1984-4237,KOBAKA,20.16
SV-1986-1835,TANASHUN,19.72,3,1,0,0,0
SV-1989-7871,ECOG59,20.01,61,8,4,0,0
SV-2002-1456,VOLTEX,20.58,72,226,59,1,0
SV-2017-4651,2CHINPO,20.06,366,220,5,0,0
SV-2025-0748,F.ANGEL,20.61,126,208,90,1,0
SV-2031-6975,C.HEESE*,20.58
SV-2034-6585,KANAYOBA,20.38,6,15,11,1,0
SV-2037-7777,X.BRAHMS,20.18,45,110,11,0,0
SV-2058-5467,FB.82TEX,19.84
SV-2093-3759,ASUMOMSP,19.81,60,13,0,0,0
SV-2094-0626,48NELILY,19.69
SV-2099-6024,RIO*,19.46,3,0,0,0,0
SV-2101-0857,ONANIKUN,19.85,20,21,2,0,0
SV-2134-0991,.CH,19.91
SV-2167-5430,XECERIA*,19.75,1,1,0,0,0
SV-2168-6763,LULLABY,20.11,1,0,0,0,0
SV-2169-3868,HI-BOXYA,20.27,90,147,19,1,0
SV-2177-8834,MUNAKI,19.80,17,13,1,0,0
SV-2180-8444,FREAKY.,19.75
SV-2183-2909,YKMKOUME,20.29,4,44,8,0,0
SV-2185-0227,XR.H4NU,19.81,0,1,0,0,0
SV-2213-4434,YUTA.S,20.00,0,0,0,0,0
SV-2216-4184,SONG,19.90,10,9,0,0,0
SV-2216-5325,GILL,20.42,80,177,26,1,0
SV-2221-8539,MERU*HK,20.71,3,52,48,4,0
SV-2237-5878,IW-IKUMI,21.01,214,338,191,21,0
SV-2247-3717,H*MGR-G6,20.02,14,21,4,0,0
SV-2250-5490,SCHERZO2,20.12
SV-2250-7331,GASERI,20.01,20,7,0,0,0
SV-2290-3692,TAKUYA,20.06,334,87,2,0,0
SV-2295-7046,F.PODA,20.02,96,66,3,0,0
SV-2296-1351,WM*OZA,20.22,41,77,8,0,0
SV-2303-5145,HINATA.H,21.35,389,420,272,33,1
SV-2305-3884,-,19.86
SV-2306-0751,DRAGO,19.72,13,1,0,0,0
SV-2306-7758,CCC89991,20.06,4,12,1,0,0
SV-2314-6718,L.SIDE,20.23,7,9,0,0,0
SV-2317-0322,CF. LGH,19.89,14,9,1,0,0
SV-2341-9634,GGD,21.77,155,210,148,47,9
SV-2351-4470,D,20.22,37,45,10,0,0
SV-2359-8435,GUMAE.,20.01,3,1,0,0,0
SV-2376-0639,FALL,20.61,255,267,92,3,0
SV-2398-2063,PRIM,19.97,16,15,2,0,0
SV-2401-6979,DT-FS,19.83
SV-2407-7480,2R.U*KOU,19.89,2,0,0,0,0
SV-2418-6610,MAU,20.25,77,147,8,0,0
SV-2436-6552,CHRONO,20.00,18,31,0,0,0
SV-2451-2600,MAGIRECO,20.66
SV-2476-2913,SHI.YU.,19.64
SV-2490-3536,MORGEN,20.01
SV-2498-3336,CHU*4ZU9,20.06,25,10,0,0,0
SV-2500-5078,B-FORCE.,20.15,7,7,3,0,0
SV-2508-1175,OA*FILKB,20.01
SV-2514-6401,FM,20.50,119,79,19,0,0
SV-2517-9315,X. LEO L,20.06,137,68,6,0,0
SV-2518-0015,GIORNO.G,20.11,278,105,8,0,0
SV-2541-2310,N#9,20.05,43,27,1,0,0
SV-2561-9860,F. REZI7,20.44,351,328,22,0,0
SV-2574-0442,CLOCK.,19.69,174,53,3,0,0
SV-2577-5057,Y2G*MTS,20.56
SV-2581-8541,DEV.NYIP,20.37,23,39,22,0,0
SV-2583-6041,428?!,11.79,0,0,0,0,0
SV-2601-6382,PERONA#,20.23,354,204,13,0,0
SV-2613-8385,KIR10,19.76
SV-2618-9156,LAUR,19.22,2,1,0,0,0
SV-2626-8256,HAYU*,19.63,7,2,2,0,0
SV-2629-2000,KAZAAAN!,20.19,41,44,5,0,0
SV-2645-2783,CHIHAYA*,20.28,6,7,7,0,0
SV-2652-3294,IW-SARAH,20.53
SV-2657-0642,OKITA,20.69,20,19,5,3,0
SV-2695-2268,-100K,20.00,13,3,1,0,0
SV-2697-8777,IF-NEFIA,20.17,14,37,21,0,0
SV-2708-7585,SSG.C3P.,20.05,3,11,2,0,0
SV-2726-8829,LV.MAX,20.07,0,3,0,0,0
SV-2731-7178,SWL,20.23,32,93,7,0,0
SV-2735-7498,KAG,20.06,221,44,5,0,0
SV-2743-5597,K.FLORIA,20.53,313,248,35,0,0
SV-2767-7342,OTONE*CH,19.62,3,2,0,0,0
SV-2771-1376,HIKAKIN,19.83,39,19,0,0,0
SV-2773-0976,F.ALPAOM,20.57,387,391,88,0,0
SV-2776-5731,MIYAHOSI,19.81,29,7,0,0,0
SV-2786-4571,KAME,20.34,104,61,21,0,0
SV-2787-5442,BUSHIDO ,20.20,22,20,7,0,0
SV-2789-1619,TALES,20.09,41,41,5,0,0
SV-2798-3151,FAFA?.?,20.57,134,181,57,0,0
SV-2803-0499,3ZUNO387,19.95,85,86,7,0,0
SV-2804-0509,DOMARU,20.24,215,126,13,0,0
SV-2812-8478,JAUZ,20.10
SV-2818-0831,FYNM.ZIP,19.60,97,55,0,0,0
SV-2818-5556,NU,20.02,13,16,0,0,0
SV-2823-2183,REKEI,19.84,77,51,3,0,0
SV-2824-4818,LV.RAIN,19.43,0,0,0,0,0
SV-2829-2124,KADOMA2,20.03
SV-2834-1194,94MA.KMM,20.14,8,12,7,0,0
SV-2865-7293,RTYM,20.18,282,137,10,0,0
SV-2884-6825,S.AYAKA,20.11,259,97,7,0,0
SV-2886-6845,ZNARU,20.68,345,330,114,4,0
SV-2887-1710,AIMER.,19.76,25,15,0,0,0
SV-2889-8457,EMO-I,20.00,17,5,0,0,0
SV-2893-3653,MAEEE.RV,19.96,160,76,6,0,0
SV-2904-1782,W4Z,19.77,172,38,0,0,0
SV-2906-2964,X.NISH,19.79,0,1,0,0,0
SV-2919-4977,SAK,20.13,19,96,4,0,0
SV-2925-6199,KT*RH-NT,19.80
SV-2932-5009,ERIRI.O4,20.00,1,2,0,0,0
SV-2942-7272,OCHINPO,20.62
SV-2968-1610,R-TS*GY,19.78,18,17,2,0,0
SV-2977-5144,TENMU,20.47
SV-2979-6886,KRAG20,20.13,60,83,9,0,0
SV-2987-7988,RAYT,20.27,227,37,20,1,0
SV-3019-3688,UNKNOWN.,19.66
SV-3023-5730,KITAHI75,20.03
SV-3024-0735,LOLGOOD,19.87,0,0,0,0,0
SV-3045-0287,IDLER,19.83,51,22,0,0,0
SV-3083-4076,ARID,19.91,0,13,0,0,0
SV-3089-3436,SUNAHARA,20.20,142,100,13,0,0
SV-3101-9583,WOONGCHA,20.41,38,38,7,0,0
SV-3103-3457,ZZZZZZZZ,19.91,13,22,4,0,0
SV-3105-5199,MIREI P,19.68,12,6,0,0,0
SV-3117-9225,ZEI,20.21,2,12,2,0,0
SV-3127-5622,*-.-*,20.03,27,6,1,0,0
SV-3129-4361,GULI,19.35,8,2,0,0,0
SV-3132-4972,10DUCK,20.16,41,70,5,0,0
SV-3138-4332,HID.34P,20.04,44,9,0,0,0
SV-3150-3773,39.ARISA,19.98
SV-3157-2142,K.CIRNO9,20.84,87,311,73,12,0
SV-3177-8691,*NOG1*,20.59
SV-3178-8561,R.NEK*,20.61,63,133,36,1,0
SV-3179-2565,COMJW,19.90,4,8,0,0,0
SV-3203-2028,BERA,20.04,52,41,3,0,0
SV-3211-0827,CHIKO*,19.85,4,4,0,0,0
SV-3228-4623,RBB*HK,19.93,8,15,2,0,0
SV-3234-3122,KZM.NSX,20.67,206,213,82,7,0
SV-3235-7857,MET.G-G,19.85
SV-3237-4734,EMILIA.B,19.38,48,3,0,0,0
SV-3238-3603,PIGEON,19.94,10,0,0,0,0
SV-3257-6138,YKN.C,19.89,6,42,1,0,0
SV-3258-7191,ILB,19.89,7,28,1,0,0
SV-3273-6480,0-1.REMI,21.03,215,259,124,21,0
SV-3279-2277,SOLTY,19.62
SV-3283-2317,YUURACIA,20.15,153,119,10,0,0
SV-3283-6321,KFC-KAZU,20.00,331,58,1,0,0
SV-3291-7003,F. UZUKI,20.01,84,52,1,0,0
SV-3293-0198,JAEMIN,20.34,12,8,1,0,0
SV-3330-9780,RAN9,20.09,14,12,0,0,0
SV-3358-1555,MACCHA,20.01,1,0,0,0,0
SV-3358-5559,K T T K*,19.80,21,1,0,0,0
SV-3375-7794,810TEX,19.85,12,6,4,0,0
SV-3382-6163,  FAIRY#,20.56,41,76,20,0,0
SV-3384-3761,LOKU,20.15,24,17,4,0,0
SV-3395-6174,RICCA.,20.00,4,2,0,0,0
SV-3411-4374,TSR.BOT,20.49,93,169,32,0,0
SV-3435-4439,#XDD*B*,20.03,18,32,2,0,0
SV-3452-0605,SUMI*MTS,20.05,25,10,2,0,0
SV-3472-1589,KU-TYANV,20.08,4,1,2,0,0
SV-3477-9507,K.RU-D.7,20.07
SV-3496-1451,ATELIER,20.83,48,107,148,10,0
SV-3504-8419,TTTTTTTT,20.08,6,3,0,0,0
SV-3505-9290,RIA.KUN,20.06
SV-3519-0743,SEIA-N,20.55,223,277,29,0,0
SV-3521-1484,PRCN.RV,20.43,265,108,22,0,0
SV-3530-9323,A2MAYELL,19.00,47,2,1,0,0
SV-3537-4549,PINCET,19.45,0,0,0,0,0
SV-3540-1296,*YU*,20.31
SV-3541-9034,MKR.MCB,19.86,68,23,1,0,0
SV-3542-2037,*NADJA.-,20.06,11,25,3,0,0
SV-3564-0458,PORNHUB,20.15
SV-3567-6074,HO10T,20.12,16,28,2,0,0
SV-3569-3812,99.99*52,20.24
SV-3569-5534,S.NONG,20.16,42,61,1,0,0
SV-3572-9148,K.NOEL,20.67,8,162,93,4,0
SV-3584-1001,0-1.ARPA,20.09,71,128,14,0,0
SV-3589-2794,X. SNG H,20.39,47,139,20,0,0
SV-3618-2146,MIZO,20.15,255,158,5,0,0
SV-3619-8883,16.FEN!,20.04,1,13,0,0,0
SV-3620-0885,KAGETORA,20.09,62,22,0,0,0
SV-3636-1948,GB-RIEUX,19.80,29,9,0,0,0
SV-3640-1568,TAROMEGA,20.56
SV-3640-5516,?,05.10,0,0,0,0,0
SV-3661-1701,SIE,19.24,0,7,0,0,0
SV-3664-0730,S.SUKUNA,19.67,22,5,0,0,0
SV-3675-3444,HANAKO.A,20.07,68,52,4,0,0
SV-3690-5498,SOGEN.IX,20.44,18,48,7,0,0
SV-3708-4481,RINNE,20.11,2,2,0,0,0
SV-3718-3279,CORBY.QS,21.44,52,126,122,31,4
SV-3745-4193,SUNSPIKE,20.60,10,14,37,1,0
SV-3746-9068,K,19.83,42,14,0,0,0
SV-3748-5805,LONGRE*,19.84,4,16,0,0,0
SV-3750-2682,LISHA*7Z,20.21,18,9,0,0,0
SV-3753-4294,VANILLA,20.16,70,119,9,0,0
SV-3773-1974,EROMANGA,20.38,251,128,17,0,0
SV-3793-0655,96-10112,19.83,9,2,0,0,0
SV-3799-6042,WIS#14,19.82,18,13,3,0,0
SV-3826-3652,MIRO,20.60,133,231,101,1,0
SV-3829-3402,SEXMA4-N,20.18,213,177,12,0,0
SV-3840-0110,SILVA,19.88,7,2,0,0,0
SV-3849-0662,AYY*MTS,20.08,78,20,2,0,0
SV-3852-3555,DBDBDBL,20.00,71,28,1,0,0
SV-3853-7009,NANDE???,19.31,0,8,0,0,0
SV-3855-7309,GUEST,20.09,94,26,3,0,0
SV-3859-5788,UNKON0W,20.02,6,1,0,0,0
SV-3869-2206,FG,19.79,4,2,1,0,0
SV-3879-9474,HV*XO-HH,19.82,39,25,1,0,0
SV-3882-8384,S.ARINI,20.09,190,74,6,0,0
SV-3894-7664,2RO.YMD,19.76,6,1,0,0,0
SV-3895-3670,UNJIKING,20.06,53,53,3,0,0
SV-3912-2321,SIROGANE,19.81,14,6,1,0,0
SV-3912-2643,JC.RTK,19.91,0,0,0,0,0
SV-3913-1470,SERAPHY,20.03,2,3,0,0,0
SV-3918-3963,MONICA.,20.00,25,12,1,0,0
SV-3933-5058,LV.GB-BQ,20.32,80,62,20,0,0
SV-3951-9963,KABOTEN,20.37,95,188,24,0,0
SV-3956-7451,3Y4N.OPI,19.91,17,11,0,0,0
SV-3964-0265,TOMY,19.42,4,1,0,0,0
SV-3967-9164,HIB1YA,19.90,107,63,3,0,0
SV-3970-0906,UDONGEIN,19.52,29,3,0,0,0
SV-3971-3779,SYZQ.ERS,20.57,34,231,76,0,0
SV-3974-1828,CHISAKI,19.76,5,5,0,0,0
SV-3979-6743,BONOBONO,19.85,81,86,12,0,0
SV-3981-3200,2NO.MIL,20.44,29,124,15,0,0
SV-3993-5063,HARO ,19.97,2,35,2,0,0
SV-3998-7717,CHRS4LFE,20.19,48,25,5,1,0
SV-4011-4004,UNC-KONG,19.90,12,13,0,0,0
SV-4021-8850,RINCLE.,20.13,316,73,7,0,0
SV-4029-7530, 5252..,20.19,27,60,6,0,0
SV-4041-4388,-RE1*RA.,19.93,0,3,0,0,0
SV-4041-7433,ME-ARI,19.78,3,6,0,0,0
SV-4090-0860,VX*HARU,20.00,307,115,3,0,0
SV-4137-1176,DG-LEG,19.50,13,5,0,0,0
SV-4144-0266,MAEKWA39,20.03,0,0,0,0,0
SV-4163-8086,MERY,19.43,22,3,0,0,0
SV-4170-9318,RIINA P,20.08
SV-4172-0490,AMURORAY,19.47,27,3,1,0,0
SV-4173-7066,GUMSYRUP,19.91,5,10,0,0,0
SV-4191-0001,YZ*NOA..,20.11,22,140,8,0,0
SV-4194-1613,JAOOOOOO,19.74
SV-4197-9231,HARMON,19.66,51,6,0,0,0
SV-4200-3836,WWS.LEED,19.86,36,11,0,0,0
SV-4213-3427,KANA*JK2,20.33,157,161,25,2,0
SV-4230-8364,F.HAM,20.47,140,205,40,1,0
SV-4239-1328,MINUN,20.27,127,75,18,0,0
SV-4242-9947,ROOKIES*,19.98,12,6,1,0,0
SV-4252-9788,SUNSKY,20.10,166,89,8,0,0
SV-4263-9499,HIV,19.91,43,23,4,0,0
SV-4267-1111,HTTP500,20.59
SV-4269-9580,ELMA*,19.18,0,1,0,0,0
SV-4280-0002,RAY9,19.53,3,0,0,0,0
SV-4283-7179,X0.KAZN.,20.56,206,211,29,0,0
SV-4300-2246,RILA.9MA,20.61,84,89,25,0,0
SV-4302-4989,TUKIYUBI,19.71,12,8,0,0,0
SV-4311-1957,F.HEAVN,20.58,77,191,59,2,0
SV-4318-4491,LOVELYZ.,19.90,10,5,0,0,0
SV-4326-4011,POYO,19.82,1,0,0,0,0
SV-4326-7154,BL-TT,20.14,2,7,1,0,0
SV-4337-2861,DAL.OPI,20.07,25,68,8,0,0
SV-4338-5734,TA-KICHI,20.16,60,148,10,0,0
SV-4338-7736,WAFFLE,19.53,0,0,0,0,0
SV-4344-2091,HLMKS,19.65,3,0,0,0,0
SV-4364-0352,     002,20.05,8,28,0,0,0
SV-4380-3837,ELAIZA,20.12
SV-4382-7581,904*.ZIP,20.07
SV-4399-2648,MASTA,19.67,4,2,0,0,0
SV-4410-8946,MARU*M,20.10,16,25,2,0,0
SV-4413-4972,ART*N468,19.92
SV-4421-1930,MAXI*MLT,19.99,101,35,4,0,0
SV-4438-2303,SIBYARIN,19.85
SV-4447-6978,SSG.CL 7,20.12,83,54,8,0,0
SV-4447-7881,LEYA,19.89,38,9,1,0,0
SV-4454-3205,PAROU2DX,20.10,50,50,5,0,0
SV-4463-0173,NIE,20.04,13,3,2,0,0
SV-4481-2698,RIRASO,19.65
SV-4483-7443,HRHR,20.03,82,53,6,0,0
SV-4504-2270,WF.PXERO,19.92
SV-4514-8117,23NO.STD,21.54,282,401,260,42,1
SV-4539-0282,KINR.BOT,20.60
SV-4541-0022,SOLAMI,20.00,162,49,6,0,0
SV-4546-1416,CHIGOSKY,19.69,31,16,0,0,0
SV-4568-5801,X.O.O*,20.67,81,175,201,4,0
SV-4572-7003,KENT.ZIP,19.81,20,25,1,0,0
SV-4573-0286,PUI,20.30,26,20,4,0,0
SV-4590-5524,BB*QOO,19.83,29,56,5,0,0
SV-4597-0169,CK.GOMO,19.70,17,20,1,0,0
SV-4598-4764,P7*RINE,20.14,20,35,4,0,0
SV-4604-2402,YOMO-MMM,19.89
SV-4635-2019,BANGIN,19.08,11,8,2,0,0
SV-4664-4591,OAROS?,20.01,4,1,2,0,0
SV-4674-4194,HAL.,20.07
SV-4677-7626,ISHII,20.01,41,14,0,0,0
SV-4683-9268,FANXY,20.59,13,26,31,0,0
SV-4691-6366,99.AHCOM,20.15
SV-4694-7418,RIAN,20.29,56,123,25,0,0
SV-4698-5596,HAGYU.H,20.49
SV-4701-8209,BEIL.,20.00,72,62,3,0,0
SV-4708-9301,GING,20.14,19,12,0,0,0
SV-4718-3577,NTM.INC,20.04,20,27,1,0,0
SV-4732-6601,PNT*EEB,20.58,368,390,86,1,0
SV-4741-1567,K.FLAT,20.74,202,386,179,6,0
SV-4746-1778,TEMPU*CS,19.32,6,5,1,0,0
SV-4753-9317,K.KIRU,20.20,26,94,11,0,0
SV-4767-1470,16TH-YU*,19.76,33,22,0,0,0
SV-4774-8568,SKY.SNOW,20.09
SV-4775-3573,UNKNOWN,20.89,345,379,229,13,0
SV-4783-7538,*OREO*,20.53
SV-4792-1363,ITALY3,19.73,32,9,0,0,0
SV-4799-4597,MOLANG2,20.02,1,3,0,0,0
SV-4799-4737,NOTT-KUN,20.16,7,6,0,0,0
SV-4801-6479,MONO,20.06,9,11,0,0,0
SV-4811-7321,PATIENT0,19.64,3,0,0,0,0
SV-4816-2807,X.ASTRAL,20.68,64,280,126,4,0
SV-4817-3678,JOSE.APS,19.65,0,0,0,0,0
SV-4817-8543,NAG.MIL,20.09,31,74,4,0,0
SV-4839-8007,GOLDBALL,20.04,11,12,0,0,0
SV-4840-2970,YUNASHI,20.61,40,104,27,1,0
SV-4867-9750,COMIC LO,19.84,49,10,1,0,0
SV-4870-0491,GENTIUS,20.12,12,8,2,0,0
SV-4875-5847,KEIMITH,19.69,25,10,0,0,0
SV-4879-4046,24KW*MTS,20.75,341,423,230,8,0
SV-4888-3737,SUGA*CBA,20.35,11,27,20,0,0
SV-4931-6274,TAKERUN,20.07,3,1,2,0,0
SV-4946-0600,S.MESIE*,20.54,99,161,35,0,0
SV-4973-4377,Y,19.97,63,51,3,0,0
SV-4975-4117,HINANO.K,20.00
SV-4978-7731,SOSK#EYT,20.02,57,40,3,0,0
SV-4983-0214,4545#4JO,19.81,6,5,1,0,0
SV-5008-6253,CRR*PINO,20.11,27,15,0,0,0
SV-5010-6994,X.GEO W,20.57,139,218,40,0,0
SV-5013-1599,YUURI,20.60,49,61,27,0,0
SV-5022-9578,RAUM.MCB,20.01,97,44,2,0,0
SV-5028-5935,ART*2BKI,20.07
SV-5031-4544,SO-JIRO-,20.05
SV-5052-3095,NARU,20.59
SV-5054-4837,TTBN,20.01,1,2,0,0,0
SV-5063-5809,BUHYAFF,19.90,42,18,0,0,0
SV-5074-0515,HIYUKING,19.31
SV-5105-5914,FLEURETY,20.05,76,19,2,0,0
SV-5120-2102,SHO.OPI,20.65
SV-5121-0110,33SA.COM,20.17
SV-5140-5788,IW-K.DIA,20.53
SV-5151-7501,MAYOPON,19.71,124,21,1,0,0
SV-5152-4410,UI*O-O,20.36,14,19,14,0,0
SV-5158-1726,LN*LIPS,20.09,84,40,8,0,0
SV-5166-4270,LIULI-0,20.56
SV-5172-6052,SIR1Z,20.01,42,18,1,0,0
SV-5174-8795,JD...PUC,19.97,28,34,2,0,0
SV-5180-4151,KANY,20.10,91,100,6,0,0
SV-5198-9959,RYU,20.30,282,174,17,0,0
SV-5200-1831,SHAN-*0*,20.08,18,82,6,0,0
SV-5202-2292,WF.EDEN,19.98,289,104,2,0,0
SV-5204-0170,1Z#41.NA,20.12,210,142,10,0,0
SV-5214-5156,KURO,19.93,30,20,0,0,0
SV-5219-7509,RAG*,19.70,10,3,0,0,0
SV-5229-2205,S.HWA*,20.43,2,83,31,0,0
SV-5236-1295,SE2NA,19.90,34,11,1,0,0
SV-5237-7892,PO,20.11,202,135,10,0,0
SV-5238-9043,X1......,20.02,14,26,0,0,0
SV-5245-6271,.NA,20.49
SV-5250-5341,MOKOU,20.23,29,14,4,0,0
SV-5261-4611,K.KAREN,20.74,14,140,138,5,0
SV-5278-0679,ELRICK,20.21,185,157,14,0,0
SV-5286-5946,SIKEGAMI,20.05,5,12,1,0,0
SV-5292-0000,RUNA.S,20.03,255,150,2,0,0
SV-5313-3556,L0X0N1N5,20.59
SV-5313-4557,*BOT.MTS,20.60,148,281,66,1,0
SV-5318-5909,NARU,20.63,1,2,32,0,0
SV-5347-0599,ASTOLFO,20.14
SV-5355-9527,KIRU,20.02,17,5,0,0,0
SV-5361-7886,10RIKU.,20.76,131,199,89,11,0
SV-5362-1470,MNTT.CAT,19.95,33,10,2,0,0
SV-5366-2371,WADO.ATG,19.34,44,6,0,0,0
SV-5379-3824,X.  M1SL,20.33,10,7,4,0,0
SV-5392-4717,INUK*RK,20.03,29,37,2,0,0
SV-5399-2505,SPRNGMAO,20.10,76,48,6,0,0
SV-5427-7153,PICOLTEX,20.87,390,425,227,14,0
SV-5432-0637,BFC.WZ,20.16,57,66,7,0,0
SV-5435-6253,RAMCHAN,19.87,40,18,0,0,0
SV-5436-4121,POL,20.54,48,133,41,0,0
SV-5436-6123,HI7TA.N,19.88,73,24,0,0,0
SV-5443-3351,TASO,20.08,88,24,1,0,0
SV-5444-8086,AZUORCA.,20.61,352,385,189,3,0
SV-5460-0721,ACCE.2,19.57,7,2,0,0,0
SV-5465-4635,K.  NEIN,20.01,32,90,9,0,0
SV-5487-0095,CF.YOAKE,20.03,26,18,0,0,0
SV-5499-1216,INF-B300,19.53,2,4,0,0,0
SV-5513-6102,TS-TG*FH,20.20,81,66,9,0,0
SV-5514-6973,ASPIL,19.06,12,7,0,0,0
SV-5522-0508,PRISYS,20.04,21,7,2,0,0
SV-5536-7396,MARON.,20.00,28,42,5,0,0
SV-5556-1933,X.NAUGHT,20.93,29,406,180,14,1
SV-5622-4343,HEXAGON,20.32,304,87,8,0,0
SV-5630-7349,STYLA.,19.66
SV-5636-8669,MADO.SZK,20.21,216,80,8,0,0
SV-5643-3895,RE*FRAIL,20.01,64,23,4,0,0
SV-5643-8620,46K4R4,19.87,17,18,2,0,0
SV-5658-3086,KERI,20.69,74,197,38,5,0
SV-5664-7892,RYO*MK,20.04,111,127,5,0,0
SV-5666-5189,KASHINAR,19.75,3,0,0,0,0
SV-5678-2768,JUNGKOOK,20.80,37,69,52,11,0
SV-5681-9385,CLARIS,20.04,24,15,0,0,0
SV-5698-4452,AIMYON,20.08,293,218,8,0,0
SV-5702-4933,APAHOTEL,20.07,163,90,4,0,0
SV-5719-4445,CF.LGH ,18.93,2,1,0,0,0
SV-5720-7598,FILMARCH,19.83,4,0,0,0,0
SV-5721-9610,*OTAKU?!,20.19,43,24,9,0,0
SV-5724-7358,X. F4LSE,20.32
SV-5736-0933,KOMA27,19.88,72,19,3,0,0
SV-5739-3406,RUMI*RK,20.62,241,355,122,2,0
SV-5741-4427,0-1.PRIS,19.75,127,139,5,0,0
SV-5747-8512,R1S*NEKO,19.43
SV-5748-7521,K.BETAOM,20.59,44,163,55,1,0
SV-5758-9364,JOJOSSO?,20.08,53,83,3,0,0
SV-5766-6462,HEY BOO,19.96
SV-5769-9075,MINAMI,20.04,203,150,13,1,0
SV-5772-1818,BLC-D*A,20.57,387,403,147,0,0
SV-5782-1659,PIRO.,19.97,6,6,0,0,0
SV-5810-4466,MOON*HK,20.63,6,8,12,1,0
SV-5815-0792,SKET,20.63
SV-5820-6148,Z HIMARI,20.56
SV-5833-7601,KUMEKI,20.43,71,48,10,0,0
SV-5839-1956,FURU,20.16,146,64,4,0,0
SV-5849-2798,CR.RCHE,19.07,7,1,0,0,0
SV-5868-9477,FUKU.,20.13,22,20,5,0,0
SV-5874-3832,RIA.FH,19.48,4,1,0,0,0
SV-5883-0800,K.ESPR*,20.67,137,424,201,3,0
SV-5886-5415,RIN.,20.20
SV-5890-1332,5G.IMMFY,19.38,2,5,0,0,0
SV-5892-1772,KZK.NP,20.74
SV-5896-5256,DUEL.,20.13,12,27,4,0,0
SV-5899-7589,R.GRANDE,20.02,21,2,4,0,0
SV-5941-2689,DONDON,19.92,26,46,1,0,0
SV-5987-7559,MARIE,19.92,53,28,0,0,0
SV-5994-4787,RINRIN,20.21,211,78,14,0,0
SV-5997-6399,TERI.MIL,20.81,89,232,83,11,0
SV-6002-0884,GAILLARD,20.37,90,62,20,0,0
SV-6002-9753,PORA,20.10,14,18,3,0,0
SV-6017-7383,NORMAL,19.82,4,1,0,0,0
SV-6040-4092,KOMIMI,20.01,69,48,3,0,0
SV-6069-2604,AVER.NZK,20.03,358,127,6,0,0
SV-6089-4652,L. MOCHA,18.56,1,0,0,0,0
SV-6089-8572,SLEEPY,20.14,87,106,11,0,0
SV-6092-9624,HC*HORI,19.64,15,34,0,0,0
SV-6121-9837,RENAMIST,20.56,259,288,45,1,0
SV-6122-9147,JC.HUFS*,20.57,47,312,53,0,0
SV-6142-6386,WWS.KU-L,20.01,43,44,4,0,0
SV-6143-4156,MELONA,20.24,68,74,9,0,0
SV-6156-4146,PEI#RING,19.65,7,12,0,0,0
SV-6174-8652,K.   HCL,20.71,76,395,166,5,0
SV-6182-2747,MA.,20.11,4,12,0,0,0
SV-6189-1977,YAKUM0,20.54
SV-6190-2848,L4MY.MCB,20.07,27,12,3,0,0
SV-6206-5913,F. ROUTE,20.41,221,290,25,0,0
SV-6216-5754,MIFFY.,20.55
SV-6218-7496,ARAISAN.,20.08
SV-6225-1721,KITTY*,20.15,29,20,6,0,0
SV-6237-5306,1CHINPO,20.50,349,341,52,0,0
SV-6260-7181,NT.RIN-K,20.41,8,77,19,0,0
SV-6264-9083,FEFEMZ*,19.85,5,10,4,0,0
SV-6266-1536,GM35*UA,19.80,0,0,0,0,0
SV-6270-0435,MN2U.BOT,20.41,72,96,28,0,0
SV-6277-0666,KATO.ERS,20.26,315,248,25,0,0
SV-6291-3991,AO1,19.69,17,0,0,0,0
SV-6292-5863,08??,19.87,111,32,2,0,0
SV-6306-9909,DLIGHT,20.25,4,71,9,0,0
SV-6311-3834,HH,19.75,0,0,0,0,0
SV-6326-3865,KU-2K0.T,20.07
SV-6329-0913,KANA*RK,19.74,10,34,1,0,0
SV-6349-2198,PINO,19.98,104,34,0,0,0
SV-6351-6481,Y-S2NA.3,19.21,0,5,1,0,0
SV-6361-7743,NAR,20.11,5,26,0,0,0
SV-6367-0817,LFT*MWR.,19.42,1,2,0,0,0
SV-6376-9937,VIVACE,20.24
SV-6389-3522,WF.HOWLS,20.00,201,92,2,0,0
SV-6389-5825,S.FRAN,20.50,1,17,16,3,0
SV-6390-6976,DICKEY,19.64,5,7,0,0,0
SV-6393-7006,TROOOOON,20.35,124,56,9,0,0
SV-6397-5485,277,20.52
SV-6406-7458,GUCHIO,20.56,31,125,44,0,0
SV-6410-3074,LIRINSKY,20.63,344,259,64,2,0
SV-6436-6981,AUROLLA,20.00,116,66,8,0,0
SV-6443-0107,X.HWI*,20.10,6,100,2,0,0
SV-6467-4372,XENOVIA,20.14,83,70,8,0,0
SV-6468-3241,IXEIS.PV,20.04,23,17,0,0,0
SV-6469-4973,PONZ,20.02,1,2,0,0,0
SV-6499-3635,HID.OD-Y,19.82,17,10,0,0,0
SV-6505-2715,F. NYAN*,20.56,102,168,28,0,0
SV-6507-7320,OFF-PACO,20.00,13,31,3,0,0
SV-6518-0444,NEKURA,19.74,6,1,0,0,0
SV-6523-0515,AZUSA.,20.06,183,55,0,0,0
SV-6526-1847,CORIVER,19.74,0,0,0,0,0
SV-6540-7314,DG-KAZE,20.20,7,20,3,0,0
SV-6552-9758,BOOKOFF,20.43,74,115,22,0,0
SV-6555-2641,MC.M.B,19.86,15,4,0,0,0
SV-6559-9548,?A.IX.F?,20.56,97,178,32,0,0
SV-6570-9259,TUKASA.K,20.03,140,55,3,0,0
SV-6586-9902,AMK,18.78,0,0,0,0,0
SV-6601-2646,Y2K,20.22,388,241,9,0,0
SV-6602-8522,YUHI3KAN,20.63,305,341,82,3,0
SV-6607-2727,BOF13!!,19.94,6,2,0,0,0
SV-6607-8873,ZNTHLZ,19.94,1,0,0,0,0
SV-6611-6491,OK*S*,19.95,64,14,2,0,0
SV-6614-9104,FUMIKA P,19.80,55,16,0,0,0
SV-6617-2428,.ZIP*MTS,20.09,2,18,2,0,0
SV-6621-5331,NONO P,20.04,52,36,2,0,0
SV-6621-9916,FRUIT,19.63,9,6,1,0,0
SV-6623-6072,NOAH*,20.35,43,123,11,0,0
SV-6626-9686,YADRIGG,19.64,13,1,0,0,0
SV-6631-2330,K. FEBRI,21.07,57,343,182,17,2
SV-6632-0898,N8S,20.00,3,2,0,0,0
SV-6632-3761,COCCORO,20.53
SV-6633-0908,LEO*,20.04,0,2,1,0,0
SV-6634-0778,KA.SY*#,20.19,39,90,7,0,0
SV-6637-2432,WENA,19.11,1,0,0,0,0
SV-6638-8707,YOUTUBEE,19.06,3,2,0,0,0
SV-6648-8828,WF.SOL,20.35,225,123,12,0,0
SV-6672-0402,KAI,19.73,245,70,0,0,0
SV-6683-3977,PARANOID,20.00,3,0,0,0,0
SV-6701-6922,WONJAE,19.98,5,5,0,0,0
SV-6704-8534,*MIRY,20.26,7,27,5,0,0
SV-6706-0266,EL#SHINO,20.13
SV-6720-9898,S. ASHES,20.01,9,10,0,0,0
SV-6723-3782,DI.AMOND,20.43,4,13,2,0,0
SV-6724-3792,PKP.LOVE,20.52
SV-6738-1671,UCC9.NP,19.91,187,68,4,0,0
SV-6747-6409,A!,20.12
SV-6758-7219,KANKI9,19.98,25,9,1,0,0
SV-6765-2445,F.A,20.62,243,243,75,3,0
SV-6768-5058,ZE2B0,19.84,32,3,0,0,0
SV-6768-8922,F. DOBP*,20.28,10,180,12,0,0
SV-6769-9933,HIDE.APS,19.66,75,10,0,0,0
SV-6779-8073,SILIVARY,20.00,14,35,4,0,0
SV-6784-2257,UDA.*,20.10,9,1,0,0,0
SV-6812-8907,?Q-MIKU.,19.94
SV-6820-6005,LAFCADIO,19.81,60,10,2,0,0
SV-6833-7458,SEIDI???,19.87,133,70,2,0,0
SV-6852-4708,4,19.70,0,4,1,0,0
SV-6870-1066,*YUNA,19.73
SV-6873-4820,ZEL-L.V,20.09,147,81,7,0,0
SV-6884-3530,KUST,20.13,98,85,6,0,0
SV-6895-0539,FAIRU,19.57,0,3,0,0,0
SV-6905-6246,SONOCCHI,19.92,7,8,0,0,0
SV-6912-3474,OZ*RAN,19.94,66,28,2,0,0
SV-6939-1665,U-SK.HUM,20.65
SV-6943-7571,IOGI,19.46,68,9,0,0,0
SV-6953-1987,ARIPOI,20.05,7,42,1,0,0
SV-6976-8706,HOLO.MIL,20.22
SV-6977-8576,YAKUM0,20.55,44,199,28,0,0
SV-6978-2741,JD,19.88,3,2,2,0,0
SV-6984-5804,YAMAC,19.90,3,3,0,0,0
SV-6997-5696,CELERITY,20.60,5,34,26,0,0
SV-7002-9610,VVV,20.05,14,32,2,0,0
SV-7018-5808,ZENSEN,20.24,41,54,3,0,0
SV-7023-3156,RABIRIBI,20.03,8,9,4,0,0
SV-7027-1635,L96*AWS,19.89,13,9,3,0,0
SV-7027-9643,SORI*LDH,20.45,125,113,27,0,0
SV-7042-3969,LV.KAROB,20.31,19,12,1,0,0
SV-7046-1587,410GRUKA,20.59
SV-7046-5031,R-SEI#UF,19.60,1,3,0,0,0
SV-7052-6813,*CNO*,20.02,7,3,2,0,0
SV-7069-2881,YUKI,20.19,11,8,1,0,0
SV-7087-3404,OUMAE935,20.16,80,62,4,0,0
SV-7091-4886,X.SEOK,20.19,13,16,2,0,0
SV-7115-4468,KAWAGJ1,19.64,1,13,0,0,0
SV-7119-8953,OM.GUPN,19.81,28,76,5,0,0
SV-7139-6633,NOGI.ERS,20.04,82,99,1,0,0
SV-7140-8806,VAL*RION,20.01,1,1,0,0,0
SV-7146-1859,YAKUMO,20.59,280,330,106,0,0
SV-7153-1950,V.POCHI,19.96,31,5,0,0,0
SV-7173-4635,KIGIL,20.00,21,26,2,0,0
SV-7185-7219,HFF,20.64,175,200,93,3,0
SV-7193-3617,M,20.59,246,234,41,0,0
SV-7196-8932,S,21.69,343,372,253,53,5
SV-7197-6800,BIGBOX6F,20.57,311,318,84,0,0
SV-7201-0414,DJ.XIZQ,19.90,129,47,4,0,0
SV-7215-9605,LEAF.MIL,20.76,32,350,67,8,0
SV-7225-4581,PUO.ZIP,20.53
SV-7236-4292,A*RIA,19.55,27,11,1,0,0
SV-7241-4083,MINI,21.69,12,27,235,41,5
SV-7246-4133,RILESAN,20.39,88,45,11,0,0
SV-7262-9200,SZQ-ALGT,20.16,7,3,0,0,0
SV-7268-3555,LUMINE,19.67,25,38,1,0,0
SV-7270-4296,OUT.ELM,19.75,48,12,0,0,0
SV-7295-7332,IUAPPLE,20.05,21,28,1,0,0
SV-7295-8333,HY*LITED,19.88,40,5,0,0,0
SV-7297-5070,OMOTI,20.13
SV-7297-7072,5CHIU3?,16.08,3,1,0,0,0
SV-7307-7214,BLANC,20.09,10,12,1,0,0
SV-7307-9916,HICHU,20.32,22,125,20,0,0
SV-7316-6884,KAGUME,20.38,47,35,8,0,0
SV-7322-1239,K. NPD-S,20.73,70,181,236,7,0
SV-7323-9978,SSG.COM,20.61,25,19,67,1,0
SV-7327-6595,NEKO.NCL,19.82,12,13,0,0,0
SV-7328-2181,H1NAN0A.,19.72,11,6,0,0,0
SV-7358-4987,P-C-Y-N,20.05,17,5,0,0,0
SV-7359-3856,CITLUS,20.04
SV-7363-5380,HA?HAKDG,19.00,0,0,0,0,0
SV-7365-0213,NES,20.95,83,205,72,14,0
SV-7366-1945,HOLO*RK,20.00,120,24,0,0,0
SV-7369-5419,F.   RAZ,20.53,330,350,78,0,0
SV-7370-3427,WINDOWS8,19.94,16,19,3,0,0
SV-7388-7373,SERIRI,19.80
SV-7401-1679,TUN,20.12,375,204,10,0,0
SV-7403-9427,X.LEW M*,20.21,1,20,3,0,0
SV-7410-1930,PLEINAIR,19.44,0,0,0,0,0
SV-7414-3412,HAWKE.PV,20.53
SV-7417-7026,ENTITY,20.16,13,21,1,0,0
SV-7430-8479,A*,20.00,27,13,4,0,0
SV-7433-3224,NY*RAY,20.58,67,57,23,0,0
SV-7447-3546,MIZNE,19.88,5,4,0,0,0
SV-7447-6549,*GS.1-P*,20.60,132,62,39,0,0
SV-7449-9292,3NOWAGIN,19.92,111,54,2,0,0
SV-7456-4518,SKRG.ERS,20.29,207,230,26,0,0
SV-7478-2939,METEOR,19.94,22,37,3,0,0
SV-7491-1109,KAREN.A,19.72,15,4,0,0,0
SV-7493-5133,7AAA37,20.01,83,60,2,0,0
SV-7501-9098,NIWAT,19.66,1,4,0,0,0
SV-7511-1071,P2SN.ERS,20.85,239,325,200,12,0
SV-7569-8245,NEMUI,19.95,110,41,2,0,0
SV-7575-1599,3-KAZE.F,19.98,4,1,2,0,0
SV-7577-5203,TAILS.J,20.02,115,24,3,0,0
SV-7579-3382,P5.YUKI,19.87,5,1,2,0,0
SV-7583-1861,CF.MIKO,20.38
SV-7590-1791,S. AYASE,20.42,4,9,9,0,0
SV-7614-7960,#MOBU.RV,20.54
SV-7642-7183,ATTACK,19.94
SV-7656-5783,NDORPHIN,19.95,56,22,2,0,0
SV-7657-6794,328*L-K,20.01,102,28,6,0,0
SV-7673-6898,MIKU,03.29,0,0,0,0,0
SV-7675-1871,HNNN!,19.94,5,52,3,0,0
SV-7679-7119,MAU*,19.10,0,0,0,0,0
SV-7691-3935,BLASTER,20.06,31,4,0,0,0
SV-7694-1683,NKJM-F,19.83,4,1,0,0,0
SV-7704-0523,CRUMER,20.03,5,9,1,0,0
SV-7724-1066,HANATAN,19.76,135,45,0,0,0
SV-7732-6172,4156,20.65,42,76,27,4,0
SV-7748-0368,KO6*CH,20.52,139,282,51,0,0
SV-7751-2981,0-1.NARI,20.54,40,111,39,3,0
SV-7779-8630,RALSEI.D,19.75,2,5,0,0,0
SV-7796-0134,B,20.24,186,131,17,0,0
SV-7797-2566,NULL.CO-,20.01,1,0,0,0,0
SV-7800-8182,EMBER,20.00
SV-7821-7734,NIJIYOME,20.35,78,150,7,1,0
SV-7822-1038,MAFU.INC,19.53,41,17,0,0,0
SV-7825-0207,YUKARI,20.04,14,37,3,0,0
SV-7827-7675,RAY,20.59,15,31,17,1,0
SV-7833-3752,PAPER.,20.31
SV-7839-2531,OTLYES,20.15
SV-7841-1410,S. GIENY,20.61,67,269,105,1,0
SV-7842-3282,NATU*AME,19.62,1,0,0,0,0
SV-7849-9281,YORI.K,20.08,10,25,2,0,0
SV-7852-4124,TAK-875,19.78,2,1,0,0,0
SV-7873-7582,SEEU,20.32,6,52,13,0,0
SV-7883-0514,DEJAVU,20.27,66,47,9,0,0
SV-7885-2256,SIN*1,20.24
SV-7889-9744,ADEL.3-X,20.06,175,59,10,0,0
SV-7891-9246,ALLBACKM,19.86,1,5,0,0,0
SV-7893-1356,AKA2KI.K,19.60,29,14,0,0,0
SV-7893-9224,REMAKO,20.19,60,27,3,0,0
SV-7897-5841,MEIA,20.00,14,8,1,0,0
SV-7901-7323,NEKO*RK,20.33,41,114,14,0,0
SV-7907-5682,    AOOY,20.24,51,28,3,0,0
SV-7908-4411,JK*PMPRN,19.79,55,26,1,0,0
SV-7922-7876,LUNACHA,19.91,95,68,4,0,0
SV-7930-6836,POPO.F-3,20.01,8,13,3,0,0
SV-7938-1932,HKR.VV-Y,19.74,108,24,0,0,0
SV-7940-5816,KYO.ERS,20.17
SV-7981-1046,MJ.KANON,20.71,41,81,52,7,0
SV-7981-9915,K.BALLAD,20.24,24,163,7,0,0
SV-7985-6392,N!2R1MP*,20.00,3,4,0,0,0
SV-7988-8144,YR*D.CGP,20.00,29,23,2,0,0
